Data da sessão;Unidade Instauradora;Descrição Acórdão;Processo;TCE
14/07/2026;Ministério do Trabalho e Emprego;Acórdão 3651/2026-1C;005.602/2024-6;932|2023
30/06/2026;Ministério do Trabalho e Emprego;Acórdão 3272/2026-2C;016.234/2024-3;470|2024
30/06/2026;Ministério do Trabalho e Emprego;Acórdão 3412/2026-1C;016.710/2025-8;1614|2023
23/06/2026;Ministério do Trabalho e Emprego;Acórdão 3204/2026-1C;014.110/2025-3;2802|2024
23/06/2026;Ministério do Trabalho e Emprego;Acórdão 3241/2026-1C;006.475/2024-8;2072|2023
23/06/2026;Ministério do Trabalho e Emprego;Acórdão 3164/2026-2C;000.970/2026-3;2738|2025
23/06/2026;Ministério do Trabalho e Emprego;Acórdão 3217/2026-1C;021.294/2022-4;1295|2022
16/06/2026;Ministério do Trabalho e Emprego;Acórdão 3187/2026-1C;005.938/2026-0;3221|2025
16/06/2026;Ministério do Trabalho e Emprego;Acórdão 3045/2026-2C;007.066/2026-0;3225|2025
16/06/2026;Ministério do Trabalho e Emprego;Acórdão 2780/2026-2C;021.180/2025-3;1151|2025
09/06/2026;Ministério do Trabalho e Emprego;Acórdão 2734/2026-2C;023.697/2025-3;733|2025
09/06/2026;Ministério do Trabalho e Emprego;Acórdão 2790/2026-1C;016.716/2025-6;2810|2024
02/06/2026;Ministério do Trabalho e Emprego;Acórdão 2483/2026-2C;016.234/2024-3;470|2024
26/05/2026;Ministério do Trabalho e Emprego;Acórdão 2378/2026-2C;002.193/2023-0;1720|2022
26/05/2026;Ministério do Trabalho e Emprego;Acórdão 2506/2026-1C;014.115/2025-5;2825|2024
19/05/2026;Ministério do Trabalho e Emprego;Acórdão 2338/2026-2C;006.047/2026-2;1553|2024
19/05/2026;Ministério do Trabalho e Emprego;Acórdão 2298/2026-2C;001.020/2026-9;2236|2025
12/05/2026;Ministério do Trabalho e Emprego;Acórdão 2324/2026-1C;031.811/2022-1;1678|2022
28/04/2026;Ministério do Trabalho e Emprego;Acórdão 1974/2026-1C;022.846/2025-5;2257|2025
28/04/2026;Ministério do Trabalho e Emprego;Acórdão 1973/2026-1C;022.845/2025-9;1495|2025
28/04/2026;Ministério do Trabalho e Emprego;Acórdão 1956/2026-2C;021.339/2025-2;1212|2024
14/04/2026;Ministério do Trabalho e Emprego;Acórdão 1672/2026-1C;022.029/2023-0;341|2023
14/04/2026;Ministério do Trabalho e Emprego;Acórdão 1715/2026-1C;014.938/2025-1;2827|2024
14/04/2026;Ministério do Trabalho e Emprego;Acórdão 1712/2026-1C;000.258/2024-5;1969|2023
14/04/2026;Ministério do Trabalho e Emprego;Acórdão 1799/2026-2C;021.357/2025-0;2844|2024
07/04/2026;Ministério do Trabalho e Emprego;Acórdão 1609/2026-2C;035.063/2023-8;1204|2023
07/04/2026;Ministério do Trabalho e Emprego;Acórdão 1585/2026-1C;014.517/2023-0;3185|2022
31/03/2026;Ministério do Trabalho e Emprego;Acórdão 1563/2026-1C;021.177/2025-2;1123|2025
31/03/2026;Ministério do Trabalho e Emprego;Acórdão 1498/2026-1C;031.811/2022-1;1678|2022
18/03/2026;Ministério do Trabalho e Emprego;Acórdão 1265/2026-1C;014.525/2023-2;3214|2022
17/03/2026;Ministério do Trabalho e Emprego;Acórdão 1267/2026-2C;019.824/2024-6;493|2024
11/03/2026;Ministério do Trabalho e Emprego;Acórdão 1200/2026-2C;020.412/2025-8;1480|2025
11/03/2026;Ministério do Trabalho e Emprego;Acórdão 1096/2026-2C;008.164/2024-0;154|2024
10/03/2026;Ministério do Trabalho e Emprego;Acórdão 1048/2026-1C;014.543/2023-0;3195|2022
03/03/2026;Ministério do Trabalho e Emprego;Acórdão 971/2026-1C;016.825/2025-0;698|2025
03/03/2026;Ministério do Trabalho e Emprego;Acórdão 972/2026-1C;021.181/2025-0;1179|2025
24/02/2026;Ministério do Trabalho e Emprego;Acórdão 660/2026-1C;020.416/2025-3;1180|2025
24/02/2026;Ministério do Trabalho e Emprego;Acórdão 770/2026-1C;032.133/2023-5;897|2023
24/02/2026;Ministério do Trabalho e Emprego;Acórdão 769/2026-1C;004.819/2023-3;2495|2022
24/02/2026;Ministério do Trabalho e Emprego;Acórdão 636/2026-1C;032.932/2023-5;989|2023
24/02/2026;Ministério do Trabalho e Emprego;Acórdão 932/2026-2C;005.226/2023-6;2378|2022
24/02/2026;Ministério do Trabalho e Emprego;Acórdão 835/2026-2C;018.754/2025-2;718|2025
24/02/2026;Ministério do Trabalho e Emprego;Acórdão 881/2026-2C;018.009/2025-5;1243|2025
24/02/2026;Ministério do Trabalho e Emprego;Acórdão 756/2026-2C;023.044/2024-1;997|2024
10/02/2026;Ministério do Trabalho e Emprego;Acórdão 549/2026-1C;020.374/2025-9;2830|2024
10/02/2026;Ministério do Trabalho e Emprego;Acórdão 583/2026-1C;004.754/2023-9;2440|2022
03/02/2026;Ministério do Trabalho e Emprego;Acórdão 444/2026-1C;018.821/2025-1;1490|2025
28/01/2026;Ministério do Trabalho e Emprego;Acórdão 238/2026-2C;018.752/2025-0;732|2025
28/01/2026;Ministério do Trabalho e Emprego;Acórdão 239/2026-2C;018.756/2025-5;730|2025
28/01/2026;Ministério do Trabalho e Emprego;Acórdão 79/2026-2C;035.071/2023-0;1370|2023
27/01/2026;Ministério do Trabalho e Emprego;Acórdão 302/2026-1C;020.485/2025-5;1497|2025
27/01/2026;Ministério do Trabalho e Emprego;Acórdão 183/2026-1C;025.671/2024-3;552|2024
21/01/2026;Ministério do Trabalho e Emprego;Acórdão 70/2026-PL;018.750/2025-7;2892|2024
02/12/2025;Ministério do Trabalho e Emprego;Acórdão 8212/2025-1C;032.184/2023-9;1082|2023
02/12/2025;Ministério do Trabalho e Emprego;Acórdão 8131/2025-1C;037.329/2023-5;1276|2023
02/12/2025;Ministério do Trabalho e Emprego;Acórdão 6846/2025-2C;016.234/2024-3;470|2024
02/12/2025;Ministério do Trabalho e Emprego;Acórdão 6851/2025-2C;040.487/2023-7;1675|2023
02/12/2025;Ministério do Trabalho e Emprego;Acórdão 8504/2025-1C;017.246/2025-3;1176|2025
18/11/2025;Ministério do Trabalho e Emprego;Acórdão 6697/2025-2C;013.130/2022-6;822|2022
18/11/2025;Ministério do Trabalho e Emprego;Acórdão 7953/2025-1C;005.604/2024-9;2040|2023
11/11/2025;Ministério do Trabalho e Emprego;Acórdão 7795/2025-1C;004.749/2023-5;2531|2022
11/11/2025;Ministério do Trabalho e Emprego;Acórdão 6544/2025-2C;002.566/2024-9;2010|2023
04/11/2025;Ministério do Trabalho e Emprego;Acórdão 6422/2025-2C;016.234/2024-3;470|2024
28/10/2025;Ministério do Trabalho e Emprego;Acórdão 6247/2025-2C;018.010/2025-3;3213|2020
28/10/2025;Ministério do Trabalho e Emprego;Acórdão 6198/2025-2C;019.607/2022-9;870|2022
28/10/2025;Ministério do Trabalho e Emprego;Acórdão 6342/2025-2C;020.985/2023-1;551|2023
28/10/2025;Ministério do Trabalho e Emprego;Acórdão 7585/2025-1C;016.828/2025-9;728|2025
28/10/2025;Ministério do Trabalho e Emprego;Acórdão 7584/2025-1C;016.827/2025-2;700|2025
28/10/2025;Ministério do Trabalho e Emprego;Acórdão 7567/2025-1C;015.603/2025-3;744|2025
21/10/2025;Ministério do Trabalho e Emprego;Acórdão 7462/2025-1C;032.134/2023-1;977|2023
21/10/2025;Ministério do Trabalho e Emprego;Acórdão 6145/2025-2C;040.487/2023-7;1675|2023
21/10/2025;Ministério do Trabalho e Emprego;Acórdão 6115/2025-2C;002.979/2024-1;2043|2023
21/10/2025;Ministério do Trabalho e Emprego;Acórdão 7382/2025-1C;015.060/2024-1;294|2024
21/10/2025;Ministério do Trabalho e Emprego;Acórdão 7352/2025-1C;008.382/2024-7;192|2024
21/10/2025;Ministério do Trabalho e Emprego;Acórdão 7445/2025-1C;016.545/2025-7;1161|2025
21/10/2025;Ministério do Trabalho e Emprego;Acórdão 7438/2025-1C;016.719/2025-5;2989|2024
21/10/2025;Ministério do Trabalho e Emprego;Acórdão 7433/2025-1C;032.934/2023-8;1071|2023
21/10/2025;Ministério do Trabalho e Emprego;Acórdão 6158/2025-2C;003.171/2025-6;1664|2024
14/10/2025;Ministério do Trabalho e Emprego;Acórdão 7250/2025-1C;032.333/2023-4;1023|2023
14/10/2025;Ministério do Trabalho e Emprego;Acórdão 7321/2025-1C;016.839/2025-0;1122|2025
14/10/2025;Ministério do Trabalho e Emprego;Acórdão 7228/2025-1C;015.055/2024-8;2555|2023
07/10/2025;Ministério do Trabalho e Emprego;Acórdão 7073/2025-1C;015.056/2024-4;2699|2023
07/10/2025;Ministério do Trabalho e Emprego;Acórdão 5983/2025-2C;038.891/2023-9;1652|2023
07/10/2025;Ministério do Trabalho e Emprego;Acórdão 7197/2025-1C;014.723/2025-5;2962|2024
07/10/2025;Ministério do Trabalho e Emprego;Acórdão 7097/2025-1C;031.437/2022-2;2263|2022
30/09/2025;Ministério do Trabalho e Emprego;Acórdão 5834/2025-2C;019.652/2023-2;4|2023
23/09/2025;Ministério do Trabalho e Emprego;Acórdão 5674/2025-2C;002.978/2024-5;1997|2023
23/09/2025;Ministério do Trabalho e Emprego;Acórdão 5682/2025-2C;019.654/2023-5;408|2023
23/09/2025;Ministério do Trabalho e Emprego;Acórdão 6889/2025-1C;014.111/2025-0;2821|2024
23/09/2025;Ministério do Trabalho e Emprego;Acórdão 6890/2025-1C;014.112/2025-6;2829|2024
17/09/2025;Ministério do Trabalho e Emprego;Acórdão 2134/2025-PL;026.962/2022-5;1499|2022
16/09/2025;Ministério do Trabalho e Emprego;Acórdão 6745/2025-1C;015.026/2025-6;3065|2024
16/09/2025;Ministério do Trabalho e Emprego;Acórdão 5615/2025-2C;000.526/2024-0;2021|2023
10/09/2025;Ministério do Trabalho e Emprego;Acórdão 6519/2025-1C;000.498/2024-6;2009|2023
02/09/2025;Ministério do Trabalho e Emprego;Acórdão 5376/2025-2C;035.063/2023-8;1204|2023
02/09/2025;Ministério do Trabalho e Emprego;Acórdão 6371/2025-1C;015.056/2024-4;2699|2023
26/08/2025;Ministério do Trabalho e Emprego;Acórdão 6154/2025-1C;009.654/2023-2;2946|2022
26/08/2025;Ministério do Trabalho e Emprego;Acórdão 6109/2025-1C;004.729/2023-4;3176|2022
29/07/2025;Ministério do Trabalho e Emprego;Acórdão 4727/2025-2C;005.135/2025-7;2700|2023
29/07/2025;Ministério do Trabalho e Emprego;Acórdão 4663/2025-2C;005.178/2025-8;1302|2024
29/07/2025;Ministério do Trabalho e Emprego;Acórdão 5239/2025-1C;032.344/2023-6;1295|2023
22/07/2025;Ministério do Trabalho e Emprego;Acórdão 4372/2025-2C;018.447/2024-4;755|2024
22/07/2025;Ministério do Trabalho e Emprego;Acórdão 5131/2025-1C;025.727/2024-9;1531|2024
22/07/2025;Ministério do Trabalho e Emprego;Acórdão 5158/2025-1C;019.267/2023-1;50|2023
15/07/2025;Ministério do Trabalho e Emprego;Acórdão 4659/2025-1C;005.610/2024-9;2152|2023
15/07/2025;Ministério do Trabalho e Emprego;Acórdão 4651/2025-1C;032.133/2023-5;897|2023
15/07/2025;Ministério do Trabalho e Emprego;Acórdão 4675/2025-1C;032.930/2023-2;678|2023
15/07/2025;Ministério do Trabalho e Emprego;Acórdão 4652/2025-1C;004.729/2023-4;3176|2022
15/07/2025;Ministério do Trabalho e Emprego;Acórdão 4668/2025-1C;019.104/2021-9;520|2021
15/07/2025;Ministério do Trabalho e Emprego;Acórdão 5070/2025-1C;004.819/2023-3;2495|2022
08/07/2025;Ministério do Trabalho e Emprego;Acórdão 4422/2025-1C;020.772/2022-0;1817|2022
24/06/2025;Ministério do Trabalho e Emprego;Acórdão 3928/2025-1C;006.866/2024-7;2094|2023
24/06/2025;Ministério do Trabalho e Emprego;Acórdão 4001/2025-1C;032.932/2023-5;989|2023
24/06/2025;Ministério do Trabalho e Emprego;Acórdão 3390/2025-2C;013.970/2022-4;866|2022
24/06/2025;Ministério do Trabalho e Emprego;Acórdão 3976/2025-1C;005.607/2024-8;2100|2023
17/06/2025;Ministério do Trabalho e Emprego;Acórdão 3299/2025-2C;000.167/2025-8;1144|2024
04/06/2025;Ministério do Trabalho e Emprego;Acórdão 3596/2025-1C;003.024/2025-3;2031|2023
04/06/2025;Ministério do Trabalho e Emprego;Acórdão 3559/2025-1C;032.935/2023-4;1182|2023
04/06/2025;Ministério do Trabalho e Emprego;Acórdão 3558/2025-1C;020.772/2022-0;1817|2022
03/06/2025;Ministério do Trabalho e Emprego;Acórdão 2807/2025-2C;015.381/2024-2;206|2024
27/05/2025;Ministério do Trabalho e Emprego;Acórdão 3404/2025-1C;024.221/2024-4;1298|2024
27/05/2025;Ministério do Trabalho e Emprego;Acórdão 2752/2025-2C;025.002/2024-4;1293|2024
27/05/2025;Ministério do Trabalho e Emprego;Acórdão 3405/2025-1C;024.223/2024-7;968|2024
20/05/2025;Ministério do Trabalho e Emprego;Acórdão 3071/2025-1C;035.206/2023-3;975|2023
20/05/2025;Ministério do Trabalho e Emprego;Acórdão 3214/2025-1C;025.668/2024-2;297|2024
20/05/2025;Ministério do Trabalho e Emprego;Acórdão 2582/2025-2C;000.477/2024-9;2016|2023
20/05/2025;Ministério do Trabalho e Emprego;Acórdão 2588/2025-2C;013.130/2022-6;822|2022
20/05/2025;Ministério do Trabalho e Emprego;Acórdão 3215/2025-1C;025.696/2024-6;1297|2024
20/05/2025;Ministério do Trabalho e Emprego;Acórdão 3343/2025-1C;004.754/2023-9;2440|2022
13/05/2025;Ministério do Trabalho e Emprego;Acórdão 3036/2025-1C;024.224/2024-3;1060|2024
13/05/2025;Ministério do Trabalho e Emprego;Acórdão 3064/2025-1C;021.991/2024-3;1319|2024
13/05/2025;Ministério do Trabalho e Emprego;Acórdão 2471/2025-2C;000.474/2024-0;2028|2023
30/04/2025;Ministério do Trabalho e Emprego;Acórdão 941/2025-PL;038.305/2021-6;1059|2021
30/04/2025;Ministério do Trabalho e Emprego;Acórdão 908/2025-PL;019.822/2024-3;2721|2023
30/04/2025;Ministério do Trabalho e Emprego;Acórdão 922/2025-PL;031.793/2022-3;2063|2022
29/04/2025;Ministério do Trabalho e Emprego;Acórdão 2904/2025-1C;004.754/2023-9;2440|2022
29/04/2025;Ministério do Trabalho e Emprego;Acórdão 2297/2025-2C;000.526/2024-0;2021|2023
22/04/2025;Ministério do Trabalho e Emprego;Acórdão 2228/2025-2C;002.193/2023-0;1720|2022
15/04/2025;Ministério do Trabalho e Emprego;Acórdão 2096/2025-2C;035.074/2023-0;1436|2023
15/04/2025;Ministério do Trabalho e Emprego;Acórdão 2095/2025-2C;035.063/2023-8;1204|2023
15/04/2025;Ministério do Trabalho e Emprego;Acórdão 2597/2025-1C;024.225/2024-0;1295|2024
08/04/2025;Ministério do Trabalho e Emprego;Acórdão 2359/2025-1C;032.135/2023-8;982|2023
04/04/2025;Ministério do Trabalho e Emprego;Acórdão 694/2025-PL;019.823/2024-0;2090|2023
01/04/2025;Ministério do Trabalho e Emprego;Acórdão 1933/2025-2C;014.815/2023-0;336|2023
01/04/2025;Ministério do Trabalho e Emprego;Acórdão 1917/2025-2C;018.425/2024-0;574|2024
01/04/2025;Ministério do Trabalho e Emprego;Acórdão 2326/2025-1C;030.546/2022-2;1777|2022
01/04/2025;Ministério do Trabalho e Emprego;Acórdão 2244/2025-1C;031.812/2022-8;1921|2022
26/03/2025;Ministério do Trabalho e Emprego;Acórdão 2171/2025-1C;022.009/2024-8;1154|2024
25/03/2025;Ministério do Trabalho e Emprego;Acórdão 1815/2025-2C;024.704/2024-5;1124|2024
18/03/2025;Ministério do Trabalho e Emprego;Acórdão 1578/2025-2C;023.045/2024-8;1127|2024
18/03/2025;Ministério do Trabalho e Emprego;Acórdão 1579/2025-2C;023.518/2024-3;1299|2024
18/03/2025;Ministério do Trabalho e Emprego;Acórdão 1548/2025-2C;005.787/2024-6;1968|2023
18/03/2025;Ministério do Trabalho e Emprego;Acórdão 2014/2025-1C;022.008/2024-1;1081|2024
12/03/2025;Ministério do Trabalho e Emprego;Acórdão 466/2025-PL;019.830/2024-6;442|2024
12/03/2025;Ministério do Trabalho e Emprego;Acórdão 467/2025-PL;023.024/2024-0;1079|2024
11/03/2025;Secretaria Especial de Produtividade, Emprego e Competitividade (Extinta);Acórdão 1830/2025-1C;005.039/2022-3;1897|2021
11/03/2025;Ministério do Trabalho e Emprego;Acórdão 1649/2025-1C;024.220/2024-8;1291|2024
11/03/2025;Ministério do Trabalho e Emprego;Acórdão 1479/2025-2C;024.695/2024-6;1294|2024
11/03/2025;Ministério do Trabalho e Emprego;Acórdão 1327/2025-2C;002.193/2023-0;1720|2022
27/02/2025;Ministério do Trabalho e Emprego;Acórdão 395/2025-PL;019.827/2024-5;975|2024
27/02/2025;Ministério do Trabalho e Emprego;Acórdão 397/2025-PL;023.049/2024-3;1128|2024
27/02/2025;Ministério do Trabalho e Emprego;Acórdão 396/2025-PL;023.020/2024-5;971|2024
25/02/2025;Ministério do Trabalho e Emprego;Acórdão 1259/2025-1C;004.729/2023-4;3176|2022
19/02/2025;Ministério do Trabalho e Emprego;Acórdão 356/2025-PL;019.826/2024-9;712|2024
19/02/2025;Ministério do Trabalho e Emprego;Acórdão 357/2025-PL;019.829/2024-8;207|2024
18/02/2025;Ministério do Trabalho e Emprego;Acórdão 978/2025-2C;008.259/2023-2;2750|2022
18/02/2025;Ministério do Trabalho e Emprego;Acórdão 1007/2025-2C;039.857/2023-9;1720|2023
18/02/2025;Ministério do Trabalho e Emprego;Acórdão 1121/2025-1C;015.077/2024-1;286|2024
18/02/2025;Ministério do Trabalho e Emprego;Acórdão 1066/2025-2C;018.448/2024-0;956|2024
11/02/2025;Ministério do Trabalho e Emprego;Acórdão 828/2025-2C;016.116/2022-4;869|2022
11/02/2025;Ministério do Trabalho e Emprego;Acórdão 893/2025-2C;019.828/2024-1;981|2024
04/02/2025;Ministério do Trabalho e Emprego;Acórdão 589/2025-1C;015.063/2024-0;166|2024
28/01/2025;Ministério do Trabalho e Emprego;Acórdão 52/2025-2C;035.071/2023-0;1370|2023
28/01/2025;Ministério do Trabalho e Emprego;Acórdão 11/2025-2C;013.130/2022-6;822|2022
28/01/2025;Ministério do Trabalho e Emprego;Acórdão 199/2025-2C;018.452/2024-8;505|2024
04/12/2024;Ministério do Trabalho e Emprego;Acórdão 10370/2024-1C;021.294/2022-4;1295|2022
04/12/2024;Ministério do Trabalho e Emprego;Acórdão 10519/2024-1C;002.483/2023-8;2441|2022
03/12/2024;Ministério do Trabalho e Emprego;Acórdão 8332/2024-2C;002.260/2024-7;1712|2023
27/11/2024;Ministério do Trabalho e Emprego;Acórdão 10234/2024-1C;017.397/2024-3;547|2024
27/11/2024;Ministério do Trabalho e Emprego;Acórdão 10107/2024-1C;031.437/2022-2;2263|2022
27/11/2024;Ministério do Trabalho e Emprego;Acórdão 10233/2024-1C;017.395/2024-0;462|2024
27/11/2024;Ministério do Trabalho e Emprego;Acórdão 10232/2024-1C;015.070/2021-2;205|2021
26/11/2024;Ministério do Trabalho e Emprego;Acórdão 8153/2024-2C;000.528/2024-2;2035|2023
26/11/2024;Ministério do Trabalho e Emprego;Acórdão 8125/2024-2C;013.130/2022-6;822|2022
19/11/2024;Ministério do Trabalho e Emprego;Acórdão 8040/2024-2C;018.437/2024-9;548|2024
19/11/2024;Ministério do Trabalho e Emprego;Acórdão 8041/2024-2C;018.446/2024-8;375|2024
19/11/2024;Ministério do Trabalho e Emprego;Acórdão 9998/2024-1C;006.475/2024-8;2072|2023
12/11/2024;Ministério do Trabalho e Emprego;Acórdão 9949/2024-1C;016.235/2024-0;529|2024
05/11/2024;Ministério do Trabalho e Emprego;Acórdão 7813/2024-2C;018.431/2024-0;356|2024
05/11/2024;Ministério do Trabalho e Emprego;Acórdão 7872/2024-2C;007.867/2024-7;2557|2023
05/11/2024;Ministério do Trabalho e Emprego;Acórdão 7815/2024-2C;031.669/2022-0;1616|2022
05/11/2024;Ministério do Trabalho e Emprego;Acórdão 7727/2024-2C;007.748/2024-8;2722|2023
05/11/2024;Ministério do Trabalho e Emprego;Acórdão 7880/2024-2C;022.030/2023-9;546|2023
05/11/2024;Ministério do Trabalho e Emprego;Acórdão 7809/2024-2C;015.334/2024-4;2003|2023
29/10/2024;Ministério do Trabalho e Emprego;Acórdão 7681/2024-2C;007.869/2024-0;2610|2023
22/10/2024;Ministério do Trabalho e Emprego;Acórdão 9288/2024-1C;015.078/2024-8;479|2024
22/10/2024;Ministério do Trabalho e Emprego;Acórdão 9256/2024-1C;007.411/2024-3;1361|2023
22/10/2024;Ministério do Trabalho e Emprego;Acórdão 9263/2024-1C;037.530/2023-2;969|2023
15/10/2024;Ministério do Trabalho e Emprego;Acórdão 9150/2024-1C;040.485/2023-4;1650|2023
15/10/2024;Ministério do Trabalho e Emprego;Acórdão 9082/2024-1C;015.061/2024-8;184|2024
15/10/2024;Ministério do Trabalho e Emprego;Acórdão 8995/2024-1C;004.749/2023-5;2531|2022
09/10/2024;Ministério do Trabalho e Emprego;Acórdão 8874/2024-1C;015.057/2024-0;239|2024
09/10/2024;Ministério do Trabalho e Emprego;Acórdão 2153/2024-PL;002.534/2024-0;2033|2023
09/10/2024;Ministério do Trabalho e Emprego;Acórdão 8821/2024-1C;008.699/2024-0;2479|2023
08/10/2024;Ministério do Trabalho e Emprego;Acórdão 7311/2024-2C;007.744/2024-2;2616|2023
08/10/2024;Ministério do Trabalho e Emprego;Acórdão 7319/2024-2C;035.212/2023-3;1411|2023
08/10/2024;Ministério do Trabalho e Emprego;Acórdão 7312/2024-2C;007.868/2024-3;2578|2023
03/10/2024;Ministério do Trabalho e Emprego;Acórdão 2047/2024-PL;002.417/2024-3;1999|2023
01/10/2024;Ministério do Trabalho e Emprego;Acórdão 7027/2024-2C;019.767/2023-4;543|2023
01/10/2024;Ministério do Trabalho e Emprego;Acórdão 8544/2024-1C;008.711/2024-0;202|2024
01/10/2024;Ministério do Trabalho e Emprego;Acórdão 8543/2024-1C;008.708/2024-0;180|2024
01/10/2024;Ministério do Trabalho e Emprego;Acórdão 8542/2024-1C;008.701/2024-5;2713|2023
24/09/2024;Ministério do Trabalho e Emprego;Acórdão 8342/2024-1C;008.709/2024-6;191|2024
24/09/2024;Ministério do Trabalho e Emprego;Acórdão 8340/2024-1C;008.705/2024-0;2742|2023
24/09/2024;Ministério do Trabalho e Emprego;Acórdão 8341/2024-1C;008.707/2024-3;2791|2023
18/09/2024;Ministério do Trabalho e Emprego;Acórdão 1960/2024-PL;008.161/2024-0;2147|2023
18/09/2024;Ministério do Trabalho e Emprego;Acórdão 1959/2024-PL;008.153/2024-8;2777|2023
18/09/2024;Ministério do Trabalho e Emprego;Acórdão 7950/2024-1C;041.035/2021-6;1287|2021
18/09/2024;Ministério do Trabalho e Emprego;Acórdão 7942/2024-1C;004.742/2023-0;2655|2022
18/09/2024;Ministério do Trabalho e Emprego;Acórdão 8024/2024-1C;040.483/2023-1;976|2023
17/09/2024;Ministério do Trabalho e Emprego;Acórdão 6612/2024-2C;035.211/2023-7;1259|2023
17/09/2024;Ministério do Trabalho e Emprego;Acórdão 6708/2024-2C;007.870/2024-8;2726|2023
10/09/2024;Ministério do Trabalho e Emprego;Acórdão 6544/2024-2C;007.745/2024-9;2589|2023
10/09/2024;Ministério do Trabalho e Emprego;Acórdão 7892/2024-1C;006.477/2024-0;2487|2023
10/09/2024;Ministério do Trabalho e Emprego;Acórdão 7894/2024-1C;015.079/2024-4;515|2024
10/09/2024;Ministério do Trabalho e Emprego;Acórdão 7913/2024-1C;015.059/2024-3;290|2024
10/09/2024;Ministério do Trabalho e Emprego;Acórdão 6435/2024-2C;021.962/2023-5;954|2023
10/09/2024;Ministério do Trabalho e Emprego;Acórdão 6551/2024-2C;022.028/2023-4;334|2023
10/09/2024;Ministério do Trabalho e Emprego;Acórdão 6545/2024-2C;007.747/2024-1;2601|2023
03/09/2024;Ministério do Trabalho e Emprego;Acórdão 6351/2024-2C;019.650/2023-0;3208|2022
03/09/2024;Ministério do Trabalho e Emprego;Acórdão 7669/2024-1C;005.605/2024-5;2059|2023
03/09/2024;Ministério do Trabalho e Emprego;Acórdão 7771/2024-1C;015.058/2024-7;285|2024
28/08/2024;Ministério do Trabalho e Emprego;Acórdão 1735/2024-PL;008.156/2024-7;13|2024
28/08/2024;Ministério do Trabalho e Emprego;Acórdão 1734/2024-PL;008.151/2024-5;2581|2023
28/08/2024;Ministério do Trabalho e Emprego;Acórdão 1728/2024-PL;002.418/2024-0;2020|2023
28/08/2024;Ministério do Trabalho e Emprego;Acórdão 1736/2024-PL;008.162/2024-7;2743|2023
27/08/2024;Ministério do Trabalho e Emprego;Acórdão 7388/2024-1C;026.962/2022-5;1499|2022
27/08/2024;Ministério do Trabalho e Emprego;Acórdão 6158/2024-2C;013.970/2022-4;866|2022
27/08/2024;Ministério do Trabalho e Emprego;Acórdão 6161/2024-2C;035.209/2023-2;1199|2023
27/08/2024;Ministério do Trabalho e Emprego;Acórdão 7566/2024-1C;037.323/2023-7;1045|2023
27/08/2024;Ministério do Trabalho e Emprego;Acórdão 7377/2024-1C;019.968/2022-1;877|2022
20/08/2024;Ministério do Trabalho e Emprego;Acórdão 7359/2024-1C;037.335/2023-5;1700|2023
20/08/2024;Ministério do Trabalho e Emprego;Acórdão 7355/2024-1C;014.530/2023-6;3233|2022
20/08/2024;Ministério do Trabalho e Emprego;Acórdão 7136/2024-1C;006.473/2024-5;2249|2023
20/08/2024;Ministério do Trabalho e Emprego;Acórdão 6066/2024-2C;008.380/2024-4;2755|2023
20/08/2024;Ministério do Trabalho e Emprego;Acórdão 6094/2024-2C;019.653/2023-9;157|2023
13/08/2024;Ministério do Trabalho e Emprego;Acórdão 5906/2024-2C;000.527/2024-6;2029|2023
13/08/2024;Ministério do Trabalho e Emprego;Acórdão 6894/2024-1C;021.295/2022-0;1324|2022
06/08/2024;Ministério do Trabalho e Emprego;Acórdão 5487/2024-2C;008.379/2024-6;2596|2023
06/08/2024;Ministério do Trabalho e Emprego;Acórdão 5474/2024-2C;000.260/2024-0;2030|2023
06/08/2024;Ministério do Trabalho e Emprego;Acórdão 6814/2024-1C;000.257/2024-9;1922|2023
06/08/2024;Ministério do Trabalho e Emprego;Acórdão 5475/2024-2C;000.261/2024-6;2096|2023
31/07/2024;Ministério do Trabalho e Emprego;Acórdão 6528/2024-1C;032.335/2023-7;1058|2023
31/07/2024;Ministério do Trabalho e Emprego;Acórdão 6498/2024-1C;032.185/2023-5;1229|2023
31/07/2024;Ministério do Trabalho e Emprego;Acórdão 6363/2024-1C;005.667/2024-0;2015|2023
31/07/2024;Ministério do Trabalho e Emprego;Acórdão 6362/2024-1C;005.609/2024-0;2129|2023
31/07/2024;Ministério do Trabalho e Emprego;Acórdão 6359/2024-1C;005.603/2024-2;2017|2023
31/07/2024;Ministério do Trabalho e Emprego;Acórdão 6156/2024-1C;038.305/2021-6;1059|2021
31/07/2024;Ministério do Trabalho e Emprego;Acórdão 6360/2024-1C;005.606/2024-1;2061|2023
31/07/2024;Ministério do Trabalho e Emprego;Acórdão 6364/2024-1C;007.424/2024-8;2162|2023
31/07/2024;Ministério do Trabalho e Emprego;Acórdão 6361/2024-1C;005.608/2024-4;2112|2023
23/07/2024;Ministério do Trabalho e Emprego;Acórdão 6076/2024-1C;034.658/2023-8;1061|2023
23/07/2024;Ministério do Trabalho e Emprego;Acórdão 6077/2024-1C;039.496/2023-6;653|2023
23/07/2024;Ministério do Trabalho e Emprego;Acórdão 6018/2024-1C;006.476/2024-4;2466|2023
23/07/2024;Ministério do Trabalho e Emprego;Acórdão 6020/2024-1C;006.867/2024-3;2458|2023
23/07/2024;Ministério do Trabalho e Emprego;Acórdão 6019/2024-1C;006.478/2024-7;2629|2023
16/07/2024;Ministério do Trabalho e Emprego;Acórdão 5897/2024-1C;032.131/2023-2;1260|2023
16/07/2024;Ministério do Trabalho e Emprego;Acórdão 5759/2024-1C;005.811/2024-4;2371|2023
16/07/2024;Ministério do Trabalho e Emprego;Acórdão 5758/2024-1C;000.499/2024-2;2046|2023
09/07/2024;Ministério do Trabalho e Emprego;Acórdão 4640/2024-2C;000.150/2024-0;2131|2023
09/07/2024;Ministério do Trabalho e Emprego;Acórdão 5529/2024-1C;037.333/2023-2;1653|2023
09/07/2024;Ministério do Trabalho e Emprego;Acórdão 4642/2024-2C;019.311/2023-0;3401|2022
09/07/2024;Ministério do Trabalho e Emprego;Acórdão 5528/2024-1C;037.331/2023-0;1379|2023
02/07/2024;Ministério do Trabalho e Emprego;Acórdão 4926/2024-1C;000.476/2024-2;2123|2023
02/07/2024;Ministério do Trabalho e Emprego;Acórdão 5019/2024-1C;037.330/2023-3;1369|2023
02/07/2024;Ministério do Trabalho e Emprego;Acórdão 4929/2024-1C;000.493/2024-4;1858|2023
02/07/2024;Ministério do Trabalho e Emprego;Acórdão 4104/2024-2C;000.262/2024-2;2286|2023
26/06/2024;Ministério do Trabalho e Emprego;Acórdão 4501/2024-1C;037.532/2023-5;1281|2023
26/06/2024;Ministério do Trabalho e Emprego;Acórdão 4561/2024-1C;037.322/2023-0;1429|2022
26/06/2024;Ministério do Trabalho e Emprego;Acórdão 4496/2024-1C;032.937/2023-7;1309|2023
26/06/2024;Ministério do Trabalho e Emprego;Acórdão 4502/2024-1C;037.707/2023-0;1686|2023
25/06/2024;Ministério do Trabalho e Emprego;Acórdão 3956/2024-2C;019.655/2023-1;412|2023
18/06/2024;Ministério do Trabalho e Emprego;Acórdão 4247/2024-1C;031.805/2022-1;1783|2022
18/06/2024;Ministério do Trabalho e Emprego;Acórdão 4127/2024-1C;015.040/2023-2;3212|2022
18/06/2024;Ministério do Trabalho e Emprego;Acórdão 3778/2024-2C;019.696/2023-0;279|2023
11/06/2024;Ministério do Trabalho e Emprego;Acórdão 3499/2024-2C;035.207/2023-0;1038|2023
04/06/2024;Ministério do Trabalho e Emprego;Acórdão 3373/2024-2C;022.023/2023-2;3141|2022
04/06/2024;Ministério do Trabalho e Emprego;Acórdão 3946/2024-1C;037.332/2023-6;1581|2023
21/05/2024;Ministério do Trabalho e Emprego;Acórdão 3205/2024-2C;022.027/2023-8;3177|2022
21/05/2024;Ministério do Trabalho e Emprego;Acórdão 3215/2024-2C;035.210/2023-0;1227|2023
21/05/2024;Ministério do Trabalho e Emprego;Acórdão 3789/2024-1C;032.137/2023-0;994|2023
21/05/2024;Ministério do Trabalho e Emprego;Acórdão 3204/2024-2C;021.976/2023-6;906|2023
14/05/2024;Ministério do Trabalho e Emprego;Acórdão 3692/2024-1C;037.334/2023-9;1691|2023
14/05/2024;Ministério do Trabalho e Emprego;Acórdão 3687/2024-1C;014.519/2023-2;3186|2022
14/05/2024;Ministério do Trabalho e Emprego;Acórdão 3659/2024-1C;040.490/2023-8;1676|2023
14/05/2024;Ministério do Trabalho e Emprego;Acórdão 3658/2024-1C;040.484/2023-8;1587|2023
14/05/2024;Ministério do Trabalho e Emprego;Acórdão 3651/2024-1C;008.645/2023-0;933|2021
07/05/2024;Ministério do Trabalho e Emprego;Acórdão 3515/2024-1C;020.779/2022-4;1251|2022
30/04/2024;Ministério do Trabalho e Emprego;Acórdão 2833/2024-2C;032.079/2023-0;3217|2022
30/04/2024;Ministério do Trabalho e Emprego;Acórdão 3459/2024-1C;004.736/2023-0;2970|2022
30/04/2024;Ministério do Trabalho e Emprego;Acórdão 3408/2024-1C;007.798/2023-7;3216|2022
30/04/2024;Ministério do Trabalho e Emprego;Acórdão 3414/2024-1C;040.492/2023-0;1917|2023
30/04/2024;Ministério do Trabalho e Emprego;Acórdão 3413/2024-1C;040.491/2023-4;1698|2023
23/04/2024;Ministério do Trabalho e Emprego;Acórdão 3242/2024-1C;015.221/2023-7;2872|2022
17/04/2024;Ministério do Trabalho e Emprego;Acórdão 709/2024-PL;014.813/2023-8;541|2023
16/04/2024;Ministério do Trabalho e Emprego;Acórdão 3067/2024-1C;014.524/2023-6;3147|2022
16/04/2024;Ministério do Trabalho e Emprego;Acórdão 2701/2024-2C;001.594/2022-2;2703|2021
02/04/2024;Ministério do Trabalho e Emprego;Acórdão 2502/2024-1C;015.013/2023-5;3287|2022
02/04/2024;Ministério do Trabalho e Emprego;Acórdão 2187/2024-2C;008.277/2023-0;2982|2022
02/04/2024;Ministério do Trabalho e Emprego;Acórdão 2185/2024-2C;008.257/2023-0;2622|2022
02/04/2024;Ministério do Trabalho e Emprego;Acórdão 2186/2024-2C;008.276/2023-4;2719|2022
20/03/2024;Ministério do Trabalho e Emprego;Acórdão 2155/2024-1C;009.656/2023-5;3135|2022
12/03/2024;Ministério do Trabalho e Emprego;Acórdão 1647/2024-2C;008.280/2023-1;3203|2022
05/03/2024;Ministério do Trabalho e Emprego;Acórdão 1642/2024-1C;009.563/2023-7;3178|2022
27/02/2024;Ministério do Trabalho e Emprego;Acórdão 1430/2024-1C;004.732/2023-5;2168|2022
27/02/2024;Ministério do Trabalho e Emprego;Acórdão 1332/2024-1C;019.967/2022-5;1216|2022
27/02/2024;Ministério do Trabalho e Emprego;Acórdão 1288/2024-1C;007.851/2023-5;2967|2022
01/02/2024;Ministério do Trabalho e Emprego;Acórdão 702/2024-1C;004.728/2023-8;2616|2022
23/01/2024;Ministério do Trabalho e Emprego;Acórdão 395/2024-1C;004.756/2023-1;2266|2022
23/01/2024;Ministério do Trabalho e Emprego;Acórdão 190/2024-2C;030.547/2022-9;1890|2022
05/12/2023;Ministério do Trabalho e Emprego;Acórdão 13747/2023-1C;038.305/2021-6;1059|2021
05/12/2023;Ministério do Trabalho e Emprego;Acórdão 14068/2023-1C;004.747/2023-2;2480|2022
05/12/2023;Ministério do Trabalho e Emprego;Acórdão 13755/2023-1C;041.035/2021-6;1287|2021
28/11/2023;Ministério do Trabalho e Emprego;Acórdão 13634/2023-1C;002.473/2023-2;2958|2022
28/11/2023;Ministério do Trabalho e Emprego;Acórdão 13635/2023-1C;002.477/2023-8;1930|2022
14/11/2023;Ministério do Trabalho e Emprego;Acórdão 10817/2023-2C;031.801/2022-6;2476|2022
07/11/2023;Ministério do Trabalho e Emprego;Acórdão 12548/2023-1C;020.743/2022-0;812|2022
07/11/2023;Ministério do Trabalho e Emprego;Acórdão 10570/2023-2C;031.794/2022-0;2283|2022
31/10/2023;Ministério do Trabalho e Emprego;Acórdão 12126/2023-1C;021.301/2022-0;1535|2022
31/10/2023;Ministério do Trabalho e Emprego;Acórdão 12125/2023-1C;021.297/2022-3;1416|2022
31/10/2023;Ministério do Trabalho e Emprego;Acórdão 12127/2023-1C;021.307/2022-9;1217|2022
17/10/2023;Ministério do Trabalho e Emprego;Acórdão 9965/2023-2C;031.793/2022-3;2063|2022
10/10/2023;Ministério do Trabalho e Emprego;Acórdão 11290/2023-1C;041.036/2021-2;1395|2021
10/10/2023;Ministério do Trabalho e Emprego;Acórdão 11350/2023-1C;031.800/2022-0;1906|2022
10/10/2023;Ministério do Trabalho e Emprego;Acórdão 11476/2023-1C;019.608/2022-5;1013|2022
19/09/2023;Ministério do Trabalho e Emprego;Acórdão 10789/2023-1C;019.104/2021-9;520|2021
15/08/2023;Ministério do Trabalho e Emprego;Acórdão 8304/2023-2C;016.025/2022-9;867|2022
01/08/2023;Secretaria Especial de Produtividade, Emprego e Competitividade (Extinta);Acórdão 8905/2023-1C;001.987/2022-4;430|2021
25/07/2023;Ministério do Trabalho e Emprego;Acórdão 8568/2023-1C;008.438/2022-6;2904|2021
25/07/2023;Ministério do Trabalho e Emprego;Acórdão 8569/2023-1C;009.029/2022-2;2833|2021
13/06/2023;Ministério do Trabalho e Emprego;Acórdão 4495/2023-2C;011.439/2022-0;336|2022
30/05/2023;Ministério do Trabalho e Emprego;Acórdão 4174/2023-1C;006.455/2021-2;2869|2020
23/05/2023;Ministério do Trabalho e Emprego;Acórdão 3648/2023-2C;011.436/2022-0;729|2022
23/05/2023;Ministério do Trabalho e Emprego;Acórdão 3646/2023-2C;003.581/2022-5;2840|2021
09/05/2023;Ministério do Trabalho e Emprego;Acórdão 3781/2023-1C;008.445/2022-2;2971|2021
03/05/2023;Ministério do Trabalho e Emprego;Acórdão 3437/2023-1C;036.207/2021-7;43|2021
05/04/2023;Ministério do Trabalho e Emprego;Acórdão 2600/2023-1C;039.883/2021-3;1587|2021
05/04/2023;Ministério do Trabalho e Emprego;Acórdão 2599/2023-1C;037.646/2021-4;636|2021
05/04/2023;Ministério do Trabalho e Emprego;Acórdão 2602/2023-1C;041.324/2021-8;1585|2021
07/03/2023;Ministério do Trabalho e Emprego;Acórdão 1888/2023-2C;001.593/2022-6;2625|2021
07/03/2023;Ministério do Trabalho e Emprego;Acórdão 1690/2023-1C;038.308/2021-5;535|2021
08/02/2023;Ministério do Trabalho e Emprego;Acórdão 857/2023-1C;041.322/2021-5;1247|2021
07/02/2023;Ministério do Trabalho e Emprego;Acórdão 916/2023-2C;013.131/2022-2;2969|2021
07/02/2023;Ministério do Trabalho e Emprego;Acórdão 1379/2023-2C;011.422/2022-0;876|2022
24/01/2023;Ministério do Trabalho e Emprego;Acórdão 17/2023-2C;036.265/2021-7;232|2021
