NOME_DIRIGENTE;NOME_CARGO;NOME_UNIDADE;DATA_INICIO_AFASTAMENTO;DATA_FIM_AFASTAMENTO;NOME_MOTIVO_AFASTAMENTO
FRANCISCO MACENA DA SILVA                                ;Ministro do Trabalho e Emprego - Substituto;Gabinete do Ministro;01/02/2023;01/02/2023;Vacância
LUIZ MARINHO                                             ;Ministro do Trabalho e Emprego;Gabinete do Ministro;23/04/2023;26/04/2023;Viagem Oficial
FRANCISCO MACENA DA SILVA                                ;Ministro do Trabalho e Emprego - Substituto;Gabinete do Ministro;23/04/2023;26/04/2023;Viagem Oficial do Titular
LUIZ MARINHO                                             ;Ministro do Trabalho e Emprego;Gabinete do Ministro;10/06/2023; 17/06/2023;Viagem Oficial
FRANCISCO MACENA DA SILVA                                ;Ministro do Trabalho e Emprego - Substituto;Gabinete do Ministro;10/06/2023; 17/06/2023;Viagem Oficial do Titular
LUIZ MARINHO                                             ;Ministro do Trabalho e Emprego;Gabinete do Ministro;17/07/2023; 23/07/2023;Viagem Oficial
FRANCISCO MACENA DA SILVA                                ;Ministro do Trabalho e Emprego - Substituto;Gabinete do Ministro;17/07/2023; 23/07/2023;Viagem Oficial do Titular
LUIZ MARINHO                                             ;Ministro do Trabalho e Emprego;Gabinete do Ministro;16/09/2023;20/09/2023;Viagem Oficial
FRANCISCO MACENA DA SILVA                                ;Ministro do Trabalho e Emprego - Substituto;Gabinete do Ministro;16/09/2023;20/09/2023;Viagem Oficial do Titular
LUIZ MARINHO                                             ;Ministro do Trabalho e Emprego;Gabinete do Ministro;25/09/2023; 01/10/2023;Viagem Oficial
FRANCISCO MACENA DA SILVA                                ;Ministro do Trabalho e Emprego - Substituto;Gabinete do Ministro;25/09/2023; 01/10/2023;Viagem Oficial do Titular
LUIZ MARINHO                                             ;Ministro do Trabalho e Emprego;Gabinete do Ministro;02/12/2023; 06/12/2023;Viagem Oficial
FRANCISCO MACENA DA SILVA                                ;Ministro do Trabalho e Emprego - Substituto;Gabinete do Ministro;02/12/2023; 06/12/2023;Viagem Oficial do Titular
LUIZ MARINHO                                             ;Ministro do Trabalho e Emprego;Gabinete do Ministro;26/12/2023;31/12/2023;Recesso Final de Ano
FRANCISCO MACENA DA SILVA                                ;Ministro do Trabalho e Emprego - Substituto;Gabinete do Ministro;26/12/2023;31/12/2023;Recesso Final de Ano do Titular
RICARDO DE SOUZA MOREIRA;Secretário-Executivo - Substituto;Secretaria-Executiva;01/01/2023;11/01/2023;Vacância
FRANCISCO MACENA DA SILVA                                ;Secretário-Executivo;Secretaria-Executiva;12/01/2023;23/01/2023;Apostilamento
FRANCISCO MACENA DA SILVA                                ;Secretário-Executivo;Secretaria-Executiva;23/01/2023;13/05/2023;Reestruturação
FRANCISCO MACENA DA SILVA                                ;Secretário-Executivo;Secretaria-Executiva;14/05/2023;20/05/2023;Viagem Oficial
LUCIANA VASCONCELOS NAKAMURA;Secretária-Executiva - Substituta;Secretaria-Executiva;14/05/2023;14/05/2023;Viagem Oficial do Titular
FERNANDO DO AMARAL PEREIRA;Secretário-Executivo - Substituto;Secretaria-Executiva;15/05/2023;20/05/2023;Viagem Oficial do Titular
GUILHERME SCHUCK CANDEMIL                                ;Secretário de Inspeção do Trabalho - Substituto;Secretaria de Inspeção do Trabalho;01/01/2023;23/01/2023;Reestruturação
GUILHERME SCHUCK CANDEMIL                                ;Secretário de Inspeção do Trabalho - Substituto;Secretaria de Inspeção do Trabalho;24/01/2023;16/03/2023;Vacância
LUIZ FELIPE BRANDAO DE MELLO                             ;Secretário de Inspeção do Trabalho;Secretaria de Inspeção do Trabalho;08/10/2023;12/10/2023;Viagem Oficial
HENRIQUE MANDAGARÁ DE SOUZA                          ;Secretário de Inspeção do Trabalho - Substituto;Secretaria de Inspeção do Trabalho;08/10/2023;12/10/2023;Viagem Oficial do Titular
LUIZ FELIPE BRANDAO DE MELLO                             ;Secretário de Inspeção do Trabalho;Secretaria de Inspeção do Trabalho;06/11/2023;10/11/2023;Férias
HENRIQUE MANDAGARÁ DE SOUZA                          ;Secretário de Inspeção do Trabalho - Substituto;Secretaria de Inspeção do Trabalho;06/11/2023;10/11/2023;Férias do titular
LUIZ FELIPE BRANDAO DE MELLO                             ;Secretário de Inspeção do Trabalho;Secretaria de Inspeção do Trabalho;18/11/2023;23/11/2023;Viagem Oficial
HENRIQUE MANDAGARÁ DE SOUZA                          ;Secretário de Inspeção do Trabalho - Substituto;Secretaria de Inspeção do Trabalho;18/11/2023;23/11/2023;Viagem Oficial do Titular
LUIZ FELIPE BRANDAO DE MELLO                             ;Secretário de Inspeção do Trabalho;Secretaria de Inspeção do Trabalho;18/12/2023;30/12/2023;Férias
HENRIQUE MANDAGARÁ DE SOUZA                          ;Secretário de Inspeção do Trabalho - Substituto;Secretaria de Inspeção do Trabalho;18/12/2023;25/12/2023;Férias do titular
CAROLINE SARAIVA ALMEIDA CORASSINI;Secretária de Inspeção do Trabalho - Substituta;Secretaria de Inspeção do Trabalho;26/12/2023;27/12/2023;Férias do titular
LORENA GUIMARÃES ARRUDA;Secretária de Inspeção do Trabalho - Substituta;Secretaria de Inspeção do Trabalho;28/12/2023;30/12/2023;Férias do titular
MARCO ANTONIO FERREIRA COSTA;Secretário de Relações do Trabalho - Substituto;Secretaria de Relações do Trabalho;24/01/2023;26/02/2023;Vacância
MARCOS PERIOTO;Secretário de Relações do Trabalho;Secretaria de Relações do Trabalho;27/02/2023;02/06/2023;Nomeação do Titular
MARCOS PERIOTO;Secretário de Relações do Trabalho;Secretaria de Relações do Trabalho;03/06/2023;17/06/2023;Viagem Oficial
ANDRÉ LUIS GRANDIZOLI;Secretário de Relações do Trabalho - Substituto;Secretaria de Relações do Trabalho;03/06/2023;17/06/2023;Viagem Oficial do Titular
MARCOS PERIOTO;Secretário de Relações do Trabalho;Secretaria de Relações do Trabalho;28/10/2023; 05/11/2023;Viagem Oficial
ANDRÉ LUIS GRANDIZOLI;Secretário de Relações do Trabalho - Substituto;Secretaria de Relações do Trabalho;28/10/2023;05/11/2023;Viagem Oficial do Titular
MARCIO LEAO COELHO                                       ;Secretário de Proteção ao Trabalhador -  Substituto;Secretaria de Proteção ao Trabalhador;24/01/2023;31/01/2023;Vacância
JOAO PAULO FERREIRA MACHADO                              ;Secretário Nacional de Qualificação,  Emprego e  Juventude - Substituto;Secretaria Nacional de Qualificação Emprego e Juventude;24/01/2023;16/03/2023;Vacância
MAGNO ROGERIO CARVALHO LAVIGNE                           ;Secretário Nacional de Qualificação,  Emprego e  Juventude;Secretaria Nacional de Qualificação Emprego e Juventude;17/03/2023;02/10/2023;Nomeação do Titular
MAGNO ROGERIO CARVALHO LAVIGNE                           ;Secretário Nacional de Qualificação,  Emprego e  Juventude;Secretaria Nacional de Qualificação Emprego e Juventude;03/10/2023;07/10/2023;Viagem Oficial
HENRIQUE EDUARDO MEDEIROS AQUINO;Secretário Nacional de Qualificação,  Emprego e  Juventude - Substituto;Secretaria Nacional de Qualificação Emprego e Juventude;03/10/2023;07/10/2023;Viagem Oficial do Titular
MAGNO ROGERIO CARVALHO LAVIGNE                           ;Secretário Nacional de Qualificação,  Emprego e  Juventude;Secretaria Nacional de Qualificação Emprego e Juventude;04/11/2023;11/11/2023;Viagem Oficial
TIAGO OLIVEIRA MOTTA;Secretário Nacional de Qualificação,  Emprego e  Juventude - Substituto;Secretaria Nacional de Qualificação Emprego e Juventude;04/11/2023;11/11/2023;Viagem Oficial do Titular
RENATA BRAZ MELO FRANCO BAHIA                            ;Secretária Nacional de Economia Popular e Solidária - Substituta;Secretaria Nacional de Economia Popular e Solidária;24/01/2023;09/02/2023;Vacância
GILBERTO CARVALHO                                        ;Secretário Nacional de Economia Popular e Solidária ;Secretaria Nacional de Economia Popular e Solidária;10/02/2023;22/04/2023;Nomeação do Titular
GILBERTO CARVALHO                                        ;Secretário Nacional de Economia Popular e Solidária ;Secretaria Nacional de Economia Popular e Solidária;23/04/2023;27/04/2023;Viagem Oficial
MANOEL VITAL DE CARVALHO FILHO                           ;Secretário Nacional de Economia Popular e Solidária - Substituto;Secretaria Nacional de Economia Popular e Solidária;23/04/2023;27/04/2023;Viagem Oficial do Titular
GILBERTO CARVALHO                                        ;Secretário Nacional de Economia Popular e Solidária ;Secretaria Nacional de Economia Popular e Solidária;26/06/2023;01/07/02023;Viagem Oficial
MANOEL VITAL DE CARVALHO FILHO                           ;Secretário Nacional de Economia Popular e Solidária - Substituto;Secretaria Nacional de Economia Popular e Solidária;26/06/2023;01/07/2023;Viagem Oficial do Titular
ROGERIO SOARES DE SOUZA;Diretor de Administração, Finanças e Contabilidade;Diretoria de Logistica Orçamento e Contabilidade;01/01/2023;23/01/2023;Reestruturação
ROGERIO XAVIER ROCHA;Diretor de Administração, Finanças e Contabilidade;Diretoria de Logistica Orçamento e Contabilidade;10/02/2023; 17/02/2023;Férias
AMANDA FREITAS GOMES;Diretora Adjunta de Administração, Finanças e Contabilidade;Diretoria de Logistica Orçamento e Contabilidade;10/02/2023;17/02/2023;Férias do titular
ROGERIO XAVIER ROCHA;Diretor de Administração, Finanças e Contabilidade;Diretoria de Logistica Orçamento e Contabilidade;04/04/2023; 06/04/2023;Licença Tratamento Saúde
AMANDA FREITAS GOMES;Diretora Adjunta de Administração, Finanças e Contabilidade;Diretoria de Logistica Orçamento e Contabilidade;04/04/2023;06/04/2023;Licença Tratamento Saúde do Titular
ROGERIO XAVIER ROCHA;Diretor de Administração, Finanças e Contabilidade;Diretoria de Logistica Orçamento e Contabilidade;12/06/2023; 14/06/2023;Licença Tratamento Saúde
AMANDA FREITAS GOMES;Diretora Adjunta de Administração, Finanças e Contabilidade;Diretoria de Logistica Orçamento e Contabilidade;12/06/2023;14/06/2023;Licença Tratamento Saúde do Titular
ROGERIO XAVIER ROCHA;Diretor de Administração, Finanças e Contabilidade;Diretoria de Logistica Orçamento e Contabilidade;11/09/2023;22/09/2023;Férias
AMANDA FREITAS GOMES;Diretora Adjunta de Administração, Finanças e Contabilidade;Diretoria de Logistica Orçamento e Contabilidade;11/09/2023;22/09/2023;Férias do titular
LUIZ MARINHO                                             ;Ministro do Trabalho e Emprego;Gabinete do Ministro;06/02/2024;16/02/2024;Licença Tratamento Saúde
FRANCISCO MACENA DA SILVA                                ;Ministro do Trabalho e Emprego - Substituto;Gabinete do Ministro;06/02/2024;16/02/2024;Licença Tratamento Saúde do Titular
LUIZ MARINHO                                             ;Ministro do Trabalho e Emprego;Gabinete do Ministro;17/02/2024;04/03/2024;Licença Tratamento Saúde
FRANCISCO MACENA DA SILVA                                ;Ministro do Trabalho e Emprego - Substituto;Gabinete do Ministro;05/03/2024;11/03/2024;Licença Tratamento Saúde do Titular
LUIZ MARINHO                                             ;Ministro do Trabalho e Emprego;Gabinete do Ministro;12/03/2024;07/06/2024;Viagem Oficial
FRANCISCO MACENA DA SILVA                                ;Ministro do Trabalho e Emprego - Substituto;Gabinete do Ministro;08/06/2024;14/06/2024;Viagem Oficial do Titular
LUIZ MARINHO                                             ;Ministro do Trabalho e Emprego;Gabinete do Ministro;15/06/2024;04/08/2024;Viagem Oficial
GILBERTO CARVALHO;Ministro do Trabalho e Emprego - Substituto;Gabinete do Ministro;05/08/2024;06/08/2024;Viagem Oficial do Titular
LUIZ MARINHO                                             ;Ministro do Trabalho e Emprego;Gabinete do Ministro;07/08/2024;15/09/2024;Férias
FRANCISCO MACENA DA SILVA                                ;Ministro do Trabalho e Emprego - Substituto;Gabinete do Ministro;16/09/2024;04/10/2024;Férias do Titular
LUIZ MARINHO                                             ;Ministro do Trabalho e Emprego;Gabinete do Ministro;05/10/2024;14/10/2024;Férias
FRANCISCO MACENA DA SILVA                                ;Ministro do Trabalho e Emprego - Substituto;Gabinete do Ministro;15/10/2024;21/10/2024;Férias do Titular
GILBERTO CARVALHO;Ministro do Trabalho e Emprego - Substituto;Gabinete do Ministro;22/10/2024;25/10/2024;Férias do Titular
LUIZ MARINHO                                             ;Ministro do Trabalho e Emprego;Gabinete do Ministro;26/10/2024;22/12/2024;Recesso Final de Ano 
FRANCISCO MACENA DA SILVA                                ;Ministro do Trabalho e Emprego - Substituto;Gabinete do Ministro;23/12/2024;27/12/2024;Recesso Final de Ano do Titular
FRANCISCO MACENA DA SILVA                                ;Secretário-Executivo;Secretaria-Executiva;29/07/2024;13/08/2024;Férias
LUCIANA VASCONCELOS NAKAMURA;Secretária-Executiva - Substituta;Secretaria-Executiva;29/07/2024;13/08/2024;Férias do Titular
FRANCISCO MACENA DA SILVA                                ;Secretário-Executivo;Secretaria-Executiva;14/08/2024;21/10/2024;Viagem Oficial
LUCIANA VASCONCELOS NAKAMURA;Secretária-Executiva - Substituta;Secretaria-Executiva;22/10/2024;25/10/2024;Viagem Oficial do Titular
FRANCISCO MACENA DA SILVA                                ;Secretário-Executivo;Secretaria-Executiva;26/10/2024;29/12/2024;Recesso Final de Ano
LUCIANA VASCONCELOS NAKAMURA;Secretária-Executiva - Substituta;Secretaria-Executiva;30/12/2024;31/12/2024;Recesso Final de Ano do Titular
LUIZ FELIPE BRANDAO DE MELLO                             ;Secretário de Inspeção do Trabalho;Secretaria de Inspeção do Trabalho;29/01/2024;02/02/2024;Férias
LORENA GUIMARÃES ARRUDA;Secretária de Inspeção do Trabalho - Substituta;Secretaria de Inspeção do Trabalho;29/01/2024;02/02/2024;Férias do titular
LUIZ FELIPE BRANDAO DE MELLO                             ;Secretário de Inspeção do Trabalho;Secretaria de Inspeção do Trabalho;03/02/2024;14/07/2024;Férias
ROGÉRIO SILVA ARAÚJO;Secretário de Inspeção do Trabalho - Substituto;Secretaria de Inspeção do Trabalho;15/07/2024;21/07/2024;Férias do titular
LUIZ FELIPE BRANDAO DE MELLO                             ;Secretário de Inspeção do Trabalho;Secretaria de Inspeção do Trabalho;22/07/2024;27/10/2024;Férias
ROGÉRIO SILVA ARAÚJO;Secretário de Inspeção do Trabalho - Substituto;Secretaria de Inspeção do Trabalho;28/10/2024;04/11/2024;Férias do titular
LUIZ FELIPE BRANDAO DE MELLO                             ;Secretário de Inspeção do Trabalho;Secretaria de Inspeção do Trabalho;05/11/2024;15/12/2024;Férias
ROGÉRIO SILVA ARAÚJO;Secretário de Inspeção do Trabalho - Substituto;Secretaria de Inspeção do Trabalho;17/12/2024;25/12/2024;Férias do titular
MARCOS PERIOTO                                           ;Secretário de Relações do Trabalho;Secretaria de Relações do Trabalho;14/03/2024;31/03/2024;Férias
ANDRÉ LUIS GRANDIZOLI     ;Secretário de Relações do Trabalho - Substituto;Secretaria de Relações do Trabalho;14/03/2024;31/03/2024;Férias do titular
MARCOS PERIOTO                                           ;Secretário de Relações do Trabalho;Secretaria de Relações do Trabalho;01/04/2024;31/05/2024;Viagem Oficial
ANDRÉ LUIS GRANDIZOLI     ;Secretário de Relações do Trabalho - Substituto;Secretaria de Relações do Trabalho;01/06/2024;15/06/2024;Viagem Oficial do Titular
MARCOS PERIOTO                                           ;Secretário de Relações do Trabalho;Secretaria de Relações do Trabalho;16/06/2024;11/10/2024;Viagem Oficial
ANDRÉ LUIS GRANDIZOLI     ;Secretário de Relações do Trabalho - Substituto;Secretaria de Relações do Trabalho;12/10/2024;19/10/2024;Viagem Oficial do Titular
MARCOS PERIOTO                                           ;Secretário de Relações do Trabalho;Secretaria de Relações do Trabalho;25/11/2024;28/11/2024;Viagem Oficial
ANDRÉ LUIS GRANDIZOLI     ;Secretário de Relações do Trabalho - Substituto;Secretaria de Relações do Trabalho;25/11/2024;28/11/2024;Viagem Oficial do Titular
MARCOS PERIOTO                                           ;Secretário de Relações do Trabalho;Secretaria de Relações do Trabalho;30/12/2024;31/12/2024;Recesso Final de Ano de Final de Ano
ANDRÉ LUIS GRANDIZOLI     ;Secretário de Relações do Trabalho - Substituto;Secretaria de Relações do Trabalho;30/12/2024;31/12/2024;Recesso Final de Ano do Titular
CARLOS AUGUSTO SIMOES GONCALVES JUNIOR                   ;Secretário de Proteção ao Trabalhador - SPT;Secretaria de Proteção ao Trabalhador;16/09/2024;20/09/2024;Férias 
JOÃO PAULO FERREIRA MACHADO;Secretário de Proteção ao Trabalhador - SPT - Substituto;Secretaria de Proteção ao Trabalhador;16/09/2024;20/09/2024;Férias do Titular
CARLOS AUGUSTO SIMOES GONCALVES JUNIOR                   ;Secretário de Proteção ao Trabalhador - SPT;Secretaria de Proteção ao Trabalhador;21/09/2024;18/12/2024;Férias 
JOÃO PAULO FERREIRA MACHADO;Secretário de Proteção ao Trabalhador - SPT - Substituto;Secretaria de Proteção ao Trabalhador;18/12/2024;31/12/2024;Férias do Titular
MAGNO ROGERIO CARVALHO LAVIGNE                           ;Secretário Nacional de Qualificação,  Emprego e  Juventude;Secretaria Nacional de Qualificação Emprego e Juventude;16/09/2024;03/10/2024;Férias
HENRIQUE EDUARDO MEDEIROS AQUINO;Secretário Nacional de Qualificação,  Emprego e  Juventude - Substituto;Secretaria Nacional de Qualificação Emprego e Juventude;16/09/2024;03/10/2024;Férias do Titular
MAGNO ROGERIO CARVALHO LAVIGNE                           ;Secretário Nacional de Qualificação,  Emprego e  Juventude;Secretaria Nacional de Qualificação Emprego e Juventude;10/11/2024;15/11/2024;Viagem Oficial 
HENRIQUE EDUARDO MEDEIROS AQUINO;Secretário Nacional de Qualificação,  Emprego e  Juventude - Substituto;Secretaria Nacional de Qualificação Emprego e Juventude;10/11/2024;15/11/2024;Viagem Oficial do Titular
GILBERTO CARVALHO                                        ;Secretário Nacional de Economia Popular e Solidária ;Secretaria Nacional de Economia Popular e Solidária;01/06/2024;21/06/2024;Licença Tratamento Saúde
FERNANDO ZAMBAN;Secretário Nacional de Economia Popular e Solidária - Substituto;Secretaria Nacional de Economia Popular e Solidária;01/06/2024;21/06/2024;Licença Tratamento Saúde do Titular
GILBERTO CARVALHO                                        ;Secretário Nacional de Economia Popular e Solidária ;Secretaria Nacional de Economia Popular e Solidária;25/11/2024;06/12/2024;Féria do Titular
FERNANDO ZAMBAN;Secretário Nacional de Economia Popular e Solidária - Substituto;Secretaria Nacional de Economia Popular e Solidária;25/11/2024;06/12/2024;Féria do Títular
GILBERTO CARVALHO                                        ;Secretário Nacional de Economia Popular e Solidária ;Secretaria Nacional de Economia Popular e Solidária;23/12/2024;29/12/2024;Recesso Final de Ano Final de Ano
FERNANDO ZAMBAN;Secretário Nacional de Economia Popular e Solidária - Substituto;Secretaria Nacional de Economia Popular e Solidária;23/12/2024;29/12/2024;Recesso Final de Ano do Títular
GILBERTO CARVALHO                                        ;Secretário Nacional de Economia Popular e Solidária ;Secretaria Nacional de Economia Popular e Solidária;31/12/2024;10/01/2025;Féria do Titular
FERNANDO ZAMBAN;Secretário Nacional de Economia Popular e Solidária - Substituto;Secretaria Nacional de Economia Popular e Solidária;31/12/2024;31/12/2024;Féria do Títular
ROGERIO XAVIER ROCHA;Diretor de Administração, Finanças e Contabilidade;Diretoria de Logistica Orçamento e Contabilidade;02/01/2024;19/01/2024;Recesso Final de Ano e Férias do Titular
AMANDA FREITAS GOMES;Diretora Adjunta de Administração, Finanças e Contabilidade;Diretoria de Logistica Orçamento e Contabilidade;02/01/2024;19/01/2024;Recesso Final de Ano do Titular e Férias do Titular
ROGERIO XAVIER ROCHA;Diretor de Administração, Finanças e Contabilidade;Diretoria de Logistica Orçamento e Contabilidade;29/04/2024;29/04/2024;Férias do titular
AMANDA FREITAS GOMES;Diretora Adjunta de Administração, Finanças e Contabilidade;Diretoria de Logistica Orçamento e Contabilidade;29/04/2024;29/04/2024;Férias do titular
ROGERIO XAVIER ROCHA;Diretor de Administração, Finanças e Contabilidade;Diretoria de Logistica Orçamento e Contabilidade;29/07/2024;08/08/2024;Férias do titular
AMANDA FREITAS GOMES;Diretora Adjunta de Administração, Finanças e Contabilidade;Diretoria de Logistica Orçamento e Contabilidade;29/07/2024;08/08/2024;Férias do titular
ROGERIO XAVIER ROCHA;Diretor de Administração, Finanças e Contabilidade;Diretoria de Logistica Orçamento e Contabilidade;30/12/2024;31/12/2024;Recesso Final de Ano Final
AMANDA FREITAS GOMES;Diretora Adjunta de Administração, Finanças e Contabilidade;Diretoria de Logistica Orçamento e Contabilidade;30/12/2024;31/12/2024;Recesso de Final de Ano do Titular
FRANCISCO MACENA DA SILVA                                ;Ministro do Trabalho e Emprego - Substituto;Gabinete do Ministro;01/02/2025;02/02/2025;Vacância
LUIZ MARINHO                                             ;Ministro do Trabalho e Emprego;Gabinete do Ministro;24/03/2025;29/03/2025;Viagem Oficial
FRANCISCO MACENA DA SILVA                                ;Ministro do Trabalho e Emprego - Substituto;Gabinete do Ministro;24/03/2025;29/03/2025;Viagem Oficial do Titular
LUIZ MARINHO                                             ;Ministro do Trabalho e Emprego;Gabinete do Ministro;07/06/2025;13/06/2025;Viagem Oficial
FRANCISCO MACENA DA SILVA                                ;Ministro do Trabalho e Emprego - Substituto;Gabinete do Ministro;07/06/2025;13/06/2025;Viagem Oficial do Titular
LUIZ MARINHO                                             ;Ministro do Trabalho e Emprego;Gabinete do Ministro;28/07/2025;01/08/2025;Viagem Oficial
FRANCISCO MACENA DA SILVA                                ;Ministro do Trabalho e Emprego - Substituto;Gabinete do Ministro;28/07/2025;01/08/2025;Viagem Oficial do Titular
LUIZ MARINHO                                             ;Ministro do Trabalho e Emprego;Gabinete do Ministro;30/09/2025;04/10/2025;Viagem Oficial
FRANCISCO MACENA DA SILVA                                ;Ministro do Trabalho e Emprego - Substituto;Gabinete do Ministro;30/09/2025;04/10/2025;Viagem Oficial do Titular
LUIZ MARINHO                                             ;Ministro do Trabalho e Emprego;Gabinete do Ministro;05/12/2025;12/12/2025;Afastamento do Cargo
FRANCISCO MACENA DA SILVA                                ;Ministro do Trabalho e Emprego - Substituto;Gabinete do Ministro;05/12/2025;12/12/2025;Afastamento do Cargo do Titular
FRANCISCO MACENA DA SILVA                                ;Secretário-Executivo;Secretaria-Executiva;14/06/2025;19/06/2025;Viagem Oficial 
LUCIANA VASCONCELOS NAKAMURA;Secretária-Executiva - Substituta;Secretaria-Executiva;14/06/2025;19/06/2025;Viagem Oficial do Titular
FRANCISCO MACENA DA SILVA                                ;Secretário-Executivo;Secretaria-Executiva;14/07/2025;25/07/2025;Férias
LUCIANA VASCONCELOS NAKAMURA;Secretária-Executiva - Substituta;Secretaria-Executiva;14/07/2025;25/07/2025;Férias do Titular
FRANCISCO MACENA DA SILVA                                ;Secretário-Executivo;Secretaria-Executiva;30/11/2025;04/12/2025;Viagem Oficial 
LUCIANA VASCONCELOS NAKAMURA;Secretária-Executiva - Substituta;Secretaria-Executiva;30/11/2025;04/12/2025;Viagem Oficial do Titular
FRANCISCO MACENA DA SILVA                                ;Secretário-Executivo;Secretaria-Executiva;29/12/2025;31/12/2025;Recesso de Final de Ano
LUCIANA VASCONCELOS NAKAMURA;Secretária-Executiva - Substituta;Secretaria-Executiva;29/12/2025;31/12/2025;Recesso de Final de Ano do Titular
LUIZ FELIPE BRANDAO DE MELLO                             ;Secretário de Inspeção do Trabalho;Secretaria de Inspeção do Trabalho;27/01/2025;07/02/2025;Férias
LORENA GUIMARÃES ARRUDA;Secretária de Inspeção do Trabalho - Substituta;Secretaria de Inspeção do Trabalho;27/01/2025;07/02/2025;Férias do Titular
LUIZ FELIPE BRANDAO DE MELLO                             ;Secretário de Inspeção do Trabalho;Secretaria de Inspeção do Trabalho;14/07/2025;30/07/2025;Férias
ROGERIO SILVA ARAUJO;Secretário de Inspeção do Trabalho - Substituto;Secretaria de Inspeção do Trabalho;14/07/2025;30/07/2025;Férias do Titular
LUIZ FELIPE BRANDAO DE MELLO                             ;Secretário de Inspeção do Trabalho;Secretaria de Inspeção do Trabalho;04/11/2025;08/11/2025;Viagem Oficial
LUIZ HENRIQUE RAMOS LOPES;Secretário de Inspeção do Trabalho - Substituto;Secretaria de Inspeção do Trabalho;04/11/2025;08/11/2025;Viagem Oficial do Titular
LUIZ FELIPE BRANDAO DE MELLO                             ;Secretário de Inspeção do Trabalho;Secretaria de Inspeção do Trabalho;29/12/2025;31/12/2025;Recesso de Final de Ano
LUIZ HENRIQUE RAMOS LOPES;Secretário de Inspeção do Trabalho - Substituto;Secretaria de Inspeção do Trabalho;29/12/2025;31/12/2025;Recesso de Final de Ano do Titular
MARCOS PERIOTO                                           ;Secretário de Relações do Trabalho;Secretaria de Relações do Trabalho;06/01/2025;20/01/2025;Férias
ANDRÉ LUIS GRANDIZOLI     ;Secretário de Relações do Trabalho - Substituto;Secretaria de Relações do Trabalho;06/01/2025;20/01/2025;Férias do Titular
MARCOS PERIOTO                                           ;Secretário de Relações do Trabalho;Secretaria de Relações do Trabalho;07/02/2025;16/02/2025;Viagem Oficial
ANDRÉ LUIS GRANDIZOLI     ;Secretário de Relações do Trabalho - Substituto;Secretaria de Relações do Trabalho;07/02/2025;16/02/2025;Viagem Oficial do Titular
MARCOS PERIOTO                                           ;Secretário de Relações do Trabalho;Secretaria de Relações do Trabalho;13/04/2025;17/04/2025;Viagem Oficial
ANDRÉ LUIS GRANDIZOLI     ;Secretário de Relações do Trabalho - Substituto;Secretaria de Relações do Trabalho;13/04/2025;17/04/2025;Viagem Oficial do Titular
MARCOS PERIOTO                                           ;Secretário de Relações do Trabalho;Secretaria de Relações do Trabalho;31/05/2025;13/06/2025;Viagem Oficial
ANDRÉ LUIS GRANDIZOLI     ;Secretário de Relações do Trabalho - Substituto;Secretaria de Relações do Trabalho;31/05/2025;13/06/2025;Viagem Oficial do Titular
MARCOS PERIOTO                                           ;Secretário de Relações do Trabalho;Secretaria de Relações do Trabalho;29/12/2025;31/12/2025;Recesso de Final de Ano
ANDRÉ LUIS GRANDIZOLI     ;Secretário de Relações do Trabalho - Substituto;Secretaria de Relações do Trabalho;29/12/2025;31/12/2025;Recesso de Final de Ano do Titular
MAGNO ROGERIO CARVALHO LAVIGNE                           ;Secretário Nacional de Qualificação,  Emprego e  Juventude;Secretaria Nacional de Qualificação Emprego e Juventude;06/01/2025;20/01/2025;Férias 
HENRIQUE EDUARDO MEDEIROS AQUINO;Secretário Nacional de Qualificação,  Emprego e  Juventude - Substituto;Secretaria Nacional de Qualificação Emprego e Juventude;06/01/2025;20/01/2025;Férias do Titular
MAGNO ROGERIO CARVALHO LAVIGNE                           ;Secretário Nacional de Qualificação,  Emprego e  Juventude;Secretaria Nacional de Qualificação Emprego e Juventude;12/06/2025;22/06/2025;Viagem Oficial 
TIAGO OLIVEIRA MOTTA;Secretário Nacional de Qualificação,  Emprego e  Juventude - Substituto;Secretaria Nacional de Qualificação Emprego e Juventude;12/06/2025;22/06/2025;Viagem Oficial 
MAGNO ROGERIO CARVALHO LAVIGNE                           ;Secretário Nacional de Qualificação,  Emprego e  Juventude;Secretaria Nacional de Qualificação Emprego e Juventude;20/09/2025;28/09/2025;Viagem Oficial do Titular
HENRIQUE EDUARDO MEDEIROS AQUINO;Secretário Nacional de Qualificação,  Emprego e  Juventude - Substituto;Secretaria Nacional de Qualificação Emprego e Juventude;20/09/2025;28/09/2025;Viagem Oficial do Titular
MAGNO ROGERIO CARVALHO LAVIGNE                           ;Secretário Nacional de Qualificação,  Emprego e  Juventude;Secretaria Nacional de Qualificação Emprego e Juventude;01/01/2025;10/01/2025;Férias 
FERNANDO ZAMBAN;Secretário Nacional de Economia Popular e Solidária - Substituto;Secretaria Nacional de Economia Popular e Solidária;01/01/2025;10/01/2025;Férias do Títular
GILBERTO CARVALHO                                        ;Secretário Nacional de Economia Popular e Solidária ;Secretaria Nacional de Economia Popular e Solidária;27/05/2025;13/06/2025;Viagem Oficial 
FERNANDO ZAMBAN;Secretário Nacional de Economia Popular e Solidária - Substituto;Secretaria Nacional de Economia Popular e Solidária;27/05/2025;13/06/2025;Viagem Oficial do Titular
GILBERTO CARVALHO                                        ;Secretário Nacional de Economia Popular e Solidária ;Secretaria Nacional de Economia Popular e Solidária;04/09/2025;07/09/2025;Viagem Oficial
FERNANDO ZAMBAN;Secretário Nacional de Economia Popular e Solidária - Substituto;Secretaria Nacional de Economia Popular e Solidária;04/09/2025;07/09/2025;Viagem Oficial do Titular
GILBERTO CARVALHO                                        ;Secretário Nacional de Economia Popular e Solidária ;Secretaria Nacional de Economia Popular e Solidária;15/09/2025;19/09/2025;Férias
FERNANDO ZAMBAN;Secretário Nacional de Economia Popular e Solidária - Substituto;Secretaria Nacional de Economia Popular e Solidária;15/09/2025;19/09/2025;Férias do Títular
GILBERTO CARVALHO                                        ;Secretário Nacional de Economia Popular e Solidária ;Secretaria Nacional de Economia Popular e Solidária;07/12/2025;12/12/2025;Viagem Oficial
FERNANDO ZAMBAN;Secretário Nacional de Economia Popular e Solidária - Substituto;Secretaria Nacional de Economia Popular e Solidária;07/12/2025;12/12/2025;Viagem Oficial do Titular
GILBERTO CARVALHO                                        ;Secretário Nacional de Economia Popular e Solidária ;Secretaria Nacional de Economia Popular e Solidária;22/12/2025;26/12/2025;Recesso de Final de Ano
FERNANDO ZAMBAN;Secretário Nacional de Economia Popular e Solidária - Substituto;Secretaria Nacional de Economia Popular e Solidária;22/12/2025;26/12/2025;Recesso de Final de Ano do Titular
ROGERIO XAVIER ROCHA;Diretor de Administração, Finanças e Contabilidade;Diretoria de Logistica Orçamento e Contabilidade;01/01/2025;24/01/2025;Férias
AMANDA FREITAS GOMES;Diretora de Administração, Finanças e Contabilidade;Diretoria de Logistica Orçamento e Contabilidade;01/01/2025;24/01/2025;Férias do Titular
ROGERIO XAVIER ROCHA;Diretor de Administração, Finanças e Contabilidade;Diretoria de Logistica Orçamento e Contabilidade;21/07/2025;07/08/2025;Férias
AMANDA FREITAS GOMES;Diretora de Administração, Finanças e Contabilidade;Diretoria de Logistica Orçamento e Contabilidade;21/07/2025;07/08/2025;Férias do Titular
ROGERIO XAVIER ROCHA;Diretor de Administração, Finanças e Contabilidade;Diretoria de Logistica Orçamento e Contabilidade;05/10/2025;10/10/2025;Licença Médica
ADRIANO SIMOES ANDRADE;Diretor Adjunto de Administração, Finanças e Contabilidade;Diretoria de Logistica Orçamento e Contabilidade;05/10/2025;10/10/2025;Licença Médica do Titular
ROGERIO XAVIER ROCHA;Diretor de Administração, Finanças e Contabilidade;Diretoria de Logistica Orçamento e Contabilidade;03/11/2025;08/11/2025;Viagem Oficial
ADRIANO SIMOES ANDRADE;Diretor Adjunto de Administração, Finanças e Contabilidade;Diretoria de Logistica Orçamento e Contabilidade;03/11/2025;08/11/2025;Viagem Oficial do Titular
ROGERIO XAVIER ROCHA;Diretor de Administração, Finanças e Contabilidade;Diretoria de Logistica Orçamento e Contabilidade;24/11/2025;09/12/2025;Férias
ADRIANO SIMOES ANDRADE;Diretor Adjunto de Administração, Finanças e Contabilidade;Diretoria de Logistica Orçamento e Contabilidade;24/11/2025;09/12/2025;Férias do Titular
ROGERIO XAVIER ROCHA;Diretor de Administração, Finanças e Contabilidade;Diretoria de Logistica Orçamento e Contabilidade;30/12/2025;31/12/2025;Recesso de Final de Ano
ADRIANO SIMOES ANDRADE;Diretor Adjunto de Administração, Finanças e Contabilidade;Diretoria de Logistica Orçamento e Contabilidade;30/12/2025;31/12/2025;Recesso de Final de Ano do Titular
LUIZ MARINHO                                             ;Ministro do Trabalho e Emprego;Gabinete do Ministro;22/05/2026;23/05/2026;Viagem Oficial
FRANCISCO MACENA DA SILVA                                ;Ministro do Trabalho e Emprego - Substituto;Gabinete do Ministro;22/05/2026;23/05/2026;Viagem Oficial do Titular
LUIZ MARINHO                                             ;Ministro do Trabalho e Emprego;Gabinete do Ministro;06/06/2026;12/06/2026;Viagem Oficial
FRANCISCO MACENA DA SILVA                                ;Ministro do Trabalho e Emprego - Substituto;Gabinete do Ministro;06/06/2026;12/06/2026;Viagem Oficial do Titular
LUIZ MARINHO                                             ;Ministro do Trabalho e Emprego;Gabinete do Ministro;25/08/2026;04/09/2026;Férias
FRANCISCO MACENA DA SILVA                                ;Ministro do Trabalho e Emprego - Substituto;Gabinete do Ministro;25/08/2026;04/09/2026;Férias do Titular
FRANCISCO MACENA DA SILVA                                ;Secretário-Executivo;Secretaria-Executiva;10/07/2026;18/07/2026;Viagem Oficial
LUCIANA VASCONCELOS NAKAMURA;Secretária-Executiva - Substituta;Secretaria-Executiva;10/07/2026;18/07/2026;Viagem Oficial do Titular
LUIZ FELIPE BRANDAO DE MELLO                             ;Secretário de Inspeção do Trabalho;Secretaria de Inspeção do Trabalho;26/01/2026;05/02/2026;Férias
LUIZ HENRIQUE RAMOS LOPES;Secretário de Inspeção do Trabalho - Substituto;Secretaria de Inspeção do Trabalho;26/01/2026;05/02/2026;Férias do Titular
LUIZ HENRIQUE RAMOS LOPES;Secretário de Inspeção do Trabalho - Substituto;Secretaria de Inspeção do Trabalho;14/03/2026;;Vacância
MARCOS PERIOTO                                           ;Secretário de Relações do Trabalho;Secretaria de Relações do Trabalho;01/01/2026;02/01/2026;Recesso de final de Ano
ANDRÉ LUIS GRANDIZOLI     ;Secretário de Relações do Trabalho - Substituto;Secretaria de Relações do Trabalho;01/01/2026;02/01/2026;Recesso de Final de Ano do Titular
MARCOS PERIOTO                                           ;Secretário de Relações do Trabalho;Secretaria de Relações do Trabalho;16/03/2026;02/04/2026;Férias
ANDRÉ LUIS GRANDIZOLI     ;Secretário de Relações do Trabalho - Substituto;Secretaria de Relações do Trabalho;16/03/2026;02/04/2026;Férias do Tituar
CARLOS AUGUSTO SIMOES GONCALVES JUNIOR                   ;Secretário de Proteção ao Trabalhador - SPT;Secretaria de Proteção ao Trabalhador;01/01/2026;09/01/2026;Férias
JOÃO PAULO FERREIRA MACHADO;Secretário de Proteção ao Trabalhador - SPT - Substituto;Secretaria de Proteção ao Trabalhador;01/01/2026;09/01/2026;Férias do Titular
MAGNO ROGERIO CARVALHO LAVIGNE                           ;Secretário Nacional de Qualificação,  Emprego e  Juventude;Secretaria Nacional de Qualificação Emprego e Juventude;06/01/2026;20/01/2026;Férias
HENRIQUE EDUARDO MEDEIROS AQUINO;Secretário Nacional de Qualificação,  Emprego e  Juventude - Substituto;Secretaria Nacional de Qualificação Emprego e Juventude;06/01/2026;20/01/2026;Férias do Titular
HENRIQUE EDUARDO MEDEIROS AQUINO;Secretário Nacional de Qualificação,  Emprego e  Juventude - Substituto;Secretaria Nacional de Qualificação Emprego e Juventude;03/04/2026;;Vacância
ROGERIO XAVIER ROCHA;Diretor de Administração, Finanças e Contabilidade;Diretoria de Logistica Orçamento e Contabilidade;01/01/2026;02/01/2026;Férias
ADRIANO SIMOES ANDRADE;Diretor Adjunto de Administração, Finanças e Contabilidade;Diretoria de Logistica Orçamento e Contabilidade;01/01/2026;02/01/2026;Férias do Titular
ROGERIO XAVIER ROCHA;Diretor de Administração, Finanças e Contabilidade;Diretoria de Logistica Orçamento e Contabilidade;05/01/2026;16/01/2026;Férias
ADRIANO SIMOES ANDRADE;Diretor Adjunto de Administração, Finanças e Contabilidade;Diretoria de Logistica Orçamento e Contabilidade;05/01/2026;16/01/2026;Férias do Titular
